{"random_forest_default": {"f1_score": 0.7152926334265811, "accuracy": 0.7405431074342985, "precision": 0.7116623008076839, "recall": 0.7189601940677032, "roc_auc": 0.8316677645348401}, "random_forest_tuned": {"f1_score": 0.7501562680865841, "accuracy": 0.7302708039139726, "precision": 0.6465857844115417, "recall": 0.8932351968243467, "roc_auc": 0.86388987971355}, "logistic_regression": {"f1_score": 0.19860790844649415, "accuracy": 0.5309481261168943, "precision": 0.44043560606060606, "recall": 0.12821148969015328, "roc_auc": 0.5552770364657462}, "Decision_tree": {"f1_score": 0.7717189498439069, "accuracy": 0.7925669511753165, "precision": 0.7700139967615336, "recall": 0.77343146984232, "roc_auc": 0.793929201126916}}